{"-75.35892,40.585681;-75.354864,40.585956": {"minutes": 4.0, "seconds": 7.17, "total_time": 247.17}, "-75.354864,40.585956;-75.361639,40.599856": {"minutes": 12.0, "seconds": 56.79, "total_time": 776.79}, "-75.361639,40.599856;-75.360589,40.601865": {"minutes": 15.0, "seconds": 2.47, "total_time": 902.47}, "-75.360589,40.601865;-75.36558,40.600494": {"minutes": 16.0, "seconds": 11.35, "total_time": 971.35}, "-75.36558,40.600494;-75.376892,40.604098": {"minutes": 19.0, "seconds": 28.12, "total_time": 1168.12}, "-75.376892,40.604098;-75.37887,40.605082": {"minutes": 21.0, "seconds": 3.36, "total_time": 1263.36}, "-75.37887,40.605082;-75.380949,40.606629": {"minutes": 21.0, "seconds": 56.59, "total_time": 1316.59}, "-75.380949,40.606629;-75.379487,40.608235": {"minutes": 22.0, "seconds": 47.93, "total_time": 1367.93}, "-75.379487,40.608235;-75.378272,40.60978": {"minutes": 23.0, "seconds": 34.34, "total_time": 1414.34}, "-75.378272,40.60978;-75.378272,40.60978": {"minutes": 23.0, "seconds": 34.34, "total_time": 1414.34}, "-75.378272,40.60978;-75.375888,40.608528": {"minutes": 24.0, "seconds": 30.51, "total_time": 1470.51}, "-75.375888,40.608528;-75.374896,40.60687": {"minutes": 25.0, "seconds": 29.73, "total_time": 1529.73}, "-75.374896,40.60687;-75.377559,40.605577": {"minutes": 26.0, "seconds": 21.7, "total_time": 1581.7}, "-75.377559,40.605577;-75.379002,40.605243": {"minutes": 26.0, "seconds": 41.12, "total_time": 1601.12}, "-75.379002,40.605243;-75.380703,40.602797": {"minutes": 28.0, "seconds": 6.59, "total_time": 1686.59}, "-75.380703,40.602797;-75.376572,40.602238": {"minutes": 29.0, "seconds": 9.06, "total_time": 1749.06}, "-75.360544,40.601815;-75.361599,40.599946": {"minutes": 31.0, "seconds": 13.69, "total_time": 1873.69}, "-75.361599,40.599946;-75.365549,40.60016": {"minutes": 32.0, "seconds": 15.33, "total_time": 1935.33}}